"Designator","Value","Footprint","LCSC","Assembly"
"C1","100nF","C_0805_2012Metric","C49678","JLC SMT"
"C2","10uF","C_0805_2012Metric","C15850","JLC SMT"
"D1","AZ432ANTR-E1","SOT-23","C84139","JLC SMT"
"D2","SMBJ5.0A","D_SMB","C440263","JLC SMT"
"D3","Red","LED_0805_2012Metric","C84256","JLC SMT"
"D4","Blue","LED_0603_1608Metric","C72043","JLC SMT"
"F1","2920L500 5A","Fuse_2920_7451Metric","C1512058","JLC SMT"
"Q1","AO4402","SOIC-8_3.9x4.9mm_P1.27mm","C115828","JLC SMT"
"R1","100K","R_0805_2012Metric","C149504","JLC SMT"
"R10","1R2","R_2512_6332Metric","C46193","JLC SMT"
"R11","1R2","R_2512_6332Metric","C46193","JLC SMT"
"R12","1R2","R_2512_6332Metric","C46193","JLC SMT"
"R13","1R2","R_2512_6332Metric","C46193","JLC SMT"
"R14","1R2","R_2512_6332Metric","C46193","JLC SMT"
"R15","1R2","R_2512_6332Metric","C46193","JLC SMT"
"R16","1R2","R_2512_6332Metric","C46193","JLC SMT"
"R17","1R2","R_2512_6332Metric","C46193","JLC SMT"
"R18","1R2","R_2512_6332Metric","C46193","JLC SMT"
"R19","1R2","R_2512_6332Metric","C46193","JLC SMT"
"R2","1K","R_0805_2012Metric","C17513","JLC SMT"
"R20","1R2","R_2512_6332Metric","C46193","JLC SMT"
"R21","1R2","R_2512_6332Metric","C46193","JLC SMT"
"R23","NTC 10K B3950","R_0805_2012Metric","C51597","JLC SMT"
"R23B","NTC 10K B3950 DNP","R_0805_2012Metric","C51597","hand / optional"
"R30","2K2","R_0805_2012Metric","C17520","JLC SMT"
"R31","10K","R_0805_2012Metric","C17414","JLC SMT"
"R32","NTC 10K B3950","R_0805_2012Metric","C51597","JLC SMT"
"R33","10K","R_0805_2012Metric","C17414","JLC SMT"
"R34","2K2","R_0805_2012Metric","C17520","JLC SMT"
"R35","510R","R_0805_2012Metric","C17734","JLC SMT"
"R36","10K","R_0805_2012Metric","C17414","JLC SMT"
"R37","2K2","R_0805_2012Metric","C17520","JLC SMT"
"R5","180R","R_0805_2012Metric","C25270","JLC SMT"
"R6","1R2","R_2512_6332Metric","C46193","JLC SMT"
"R7","1R2","R_2512_6332Metric","C46193","JLC SMT"
"R8","1R2","R_2512_6332Metric","C46193","JLC SMT"
"R9","1R2","R_2512_6332Metric","C46193","JLC SMT"
"RX1","RX","Molex_PicoBlade_53261-0271_1x02-1MP_P1.25mm_Horizontal","C177225","JLC SMT"
"TX1","TX","Molex_PicoBlade_53261-0271_1x02-1MP_P1.25mm_Horizontal","C177225","JLC SMT"
"U1","EL3H7(B)(TA)-G","SOP-4_4.4x2.6mm_P1.27mm","C32565","JLC SMT"
"U2","ATTINY1624-SSU","SOIC-14_3.9x8.7mm_P1.27mm","C5160891","JLC SMT"
"UPDI1","UPDI","PinSocket_1x03_P2.54mm_Vertical","","hand / optional"
