"Comment","Designator","Footprint","LCSC Part #"
"100nF","C1","C_0805_2012Metric","C49678"
"10uF","C2","C_0805_2012Metric","C15850"
"AZ432ANTR-E1","D1","SOT-23","C84139"
"SMBJ5.0A","D2","D_SMB","C440263"
"Red","D3","LED_0805_2012Metric","C84256"
"Blue","D4","LED_0603_1608Metric","C72043"
"2920L500 5A","F1","Fuse_2920_7451Metric","C1512058"
"AO4402","Q1","SOIC-8_3.9x4.9mm_P1.27mm","C115828"
"100K","R1","R_0805_2012Metric","C149504"
"1K","R2","R_0805_2012Metric","C17513"
"180R","R5","R_0805_2012Metric","C25270"
"1R2","R6,R7,R8,R9,R10,R11,R12,R13,R14,R15,R16,R17,R18,R19,R20,R21","R_2512_6332Metric","C46193"
"NTC 10K B3950","R23,R32","R_0805_2012Metric","C51597"
"2K2","R30,R34,R37","R_0805_2012Metric","C17520"
"10K","R31,R33,R36","R_0805_2012Metric","C17414"
"510R","R35","R_0805_2012Metric","C17734"
"RX","RX1","Molex_PicoBlade_53261-0271_1x02-1MP_P1.25mm_Horizontal","C177225"
"TX","TX1","Molex_PicoBlade_53261-0271_1x02-1MP_P1.25mm_Horizontal","C177225"
"EL3H7(B)(TA)-G","U1","SOP-4_4.4x2.6mm_P1.27mm","C32565"
"ATTINY1624-SSU","U2","SOIC-14_3.9x8.7mm_P1.27mm","C5160891"
