Designator,Mid X,Mid Y,Layer,Rotation
C1,85.0000,-103.0000,top,90.0
C2,82.6000,-103.0000,top,90.0
D1,97.5000,-94.0000,top,180.0
D2,80.0000,-94.0000,top,180.0
D3,107.0000,-112.5000,top,0.0
D4,78.0000,-100.5000,top,180.0
F1,73.5000,-87.7000,top,0.0
Q1,160.0000,-100.0000,top,90.0
R1,98.0000,-103.0000,top,180.0
R2,101.5000,-94.0000,top,90.0
R5,98.0000,-100.5000,top,0.0
R6,118.0000,-88.5000,top,0.0
R7,128.0000,-88.5000,top,0.0
R8,138.0000,-88.5000,top,0.0
R9,148.0000,-88.5000,top,0.0
R10,118.0000,-96.1000,top,0.0
R11,128.0000,-96.1000,top,0.0
R12,138.0000,-96.1000,top,0.0
R13,148.0000,-96.1000,top,0.0
R14,118.0000,-103.9000,top,0.0
R15,128.0000,-103.9000,top,0.0
R16,138.0000,-103.9000,top,0.0
R17,148.0000,-103.9000,top,0.0
R18,118.0000,-111.5000,top,0.0
R19,128.0000,-111.5000,top,0.0
R20,138.0000,-111.5000,top,0.0
R21,148.0000,-111.5000,top,0.0
R23,73.0000,-114.3000,top,0.0
R30,98.0000,-105.5000,top,0.0
R31,102.0000,-101.5000,top,90.0
R32,106.0000,-97.0000,top,90.0
R33,106.0000,-101.5000,top,90.0
R34,78.0000,-103.0000,top,0.0
R35,164.5000,-96.0000,top,180.0
R36,164.5000,-93.5000,top,180.0
R37,160.0000,-112.0000,top,180.0
RX1,100.5000,-112.4000,top,0.0
TX1,82.0000,-112.4000,top,0.0
U1,91.0000,-111.5000,top,180.0
U2,91.0000,-103.0000,top,0.0
